<?xml version="1.0" encoding="UTF-8" standalone="no"?>
<!--iDempiere(r) Release 11_2022-12-24 -Smart Suite ERP, CRM and SCM- (c) 1999-2023 iDempiere(r); Implementation: iDempiere - Supported by iDempiere community--><!--<!DOCTYPE idempiereTrl PUBLIC "-//ComPiere, Inc.//DTD iDempiere Translation 1.0//EN" "http://www.idempiere.com/dtd/idempiereTrl.dtd">--><idempiereTrl language="pt_BR" table="AD_InfoWindow">
 <row id="200000" trl="Y">
  <value column="Name" original="Product Info">Informações de Produto</value>
  <value column="Description" original=""/>
  <value column="Help" original=""/>
 </row>
 <row id="200001" trl="Y">
  <value column="Name" original="Business Partner Info">Informações de Parceiro de Negócios</value>
  <value column="Description" original=""/>
  <value column="Help" original=""/>
 </row>
 <row id="200002" trl="Y">
  <value column="Name" original="Order Info">Informações de Pedido</value>
  <value column="Description" original=""/>
  <value column="Help" original=""/>
 </row>
 <row id="200003" trl="Y">
  <value column="Name" original="Invoice Info">Informações de Fatura</value>
  <value column="Description" original=""/>
  <value column="Help" original=""/>
 </row>
 <row id="200004" trl="Y">
  <value column="Name" original="Shipment Info">Informações de Recebimento/Entrega</value>
  <value column="Description" original=""/>
  <value column="Help" original=""/>
 </row>
 <row id="200005" trl="Y">
  <value column="Name" original="Payment Info">Informações de Pagamento/Recebimento</value>
  <value column="Description" original=""/>
  <value column="Help" original=""/>
 </row>
 <row id="200006" trl="Y">
  <value column="Name" original="Resource Info">Informações de Recurso</value>
  <value column="Description" original=""/>
  <value column="Help" original=""/>
 </row>
 <row id="200007" trl="Y">
  <value column="Name" original="Asset Info">Informações de Ativo</value>
  <value column="Description" original=""/>
  <value column="Help" original=""/>
 </row>
 <row id="200008" trl="N">
  <value column="Name" original="Generate Shipments (manual)">Generate Shipments (manual)</value>
  <value column="Description" original="Select and generate shipments">Select and generate shipments</value>
  <value column="Help" original=""/>
 </row>
 <row id="200011" trl="N">
  <value column="Name" original="Generate Invoices (manual)">Generate Invoices (manual)</value>
  <value column="Description" original="Select and generate invoices">Select and generate invoices</value>
  <value column="Help" original=""/>
 </row>
 <row id="200013" trl="N">
  <value column="Name" original="Role (All)">Role (All)</value>
  <value column="Description" original=""/>
  <value column="Help" original=""/>
 </row>
 <row id="200014" trl="Y">
  <value column="Name" original="Support Users vs Roles">Usuários de Suporte vs Perfis</value>
  <value column="Description" original=""/>
  <value column="Help" original=""/>
 </row>
 <row id="200019" trl="N">
  <value column="Name" original="Period Control Management">Period Control Management</value>
  <value column="Description" original="Management of Calendars, Years and Periods">Management of Calendars, Years and Periods</value>
  <value column="Help" original=""/>
 </row>
 <row id="200022" trl="N">
  <value column="Name" original="Create lines from Shipment/Receipt">Create lines from Shipment/Receipt</value>
  <value column="Description" original=""/>
  <value column="Help" original=""/>
 </row>
 <row id="200023" trl="N">
  <value column="Name" original="Create lines from RMA">Create lines from RMA</value>
  <value column="Description" original=""/>
  <value column="Help" original=""/>
 </row>
 <row id="200024" trl="N">
  <value column="Name" original="Create lines from Invoice">Create lines from Invoice</value>
  <value column="Description" original=""/>
  <value column="Help" original=""/>
 </row>
</idempiereTrl>
