<?xml version="1.0" encoding="UTF-8" standalone="no"?>
<!--iDempiere(r) Release 7.1_2019-11-22 -Smart Suite ERP, CRM and SCM- (c) 1999-2019 iDempiere(r); Implementation: iDempiere - Supported by iDempiere community--><!--<!DOCTYPE idempiereTrl PUBLIC "-//ComPiere, Inc.//DTD iDempiere Translation 1.0//EN" "http://www.idempiere.com/dtd/idempiereTrl.dtd">--><idempiereTrl language="pt_BR" table="AD_Chart">
 <row id="50000" trl="Y">
  <value column="Name" original="My Sales Pipeline">Meu Pipeline de Vendas</value>
  <value column="Description" original=""/>
  <value column="DomainLabel" original="Sales Stage">Estágio de Vendas</value>
  <value column="RangeLabel" original="Value">Chave</value>
 </row>
 <row id="50001" trl="Y">
  <value column="Name" original="My Opportunities by Campaign">Campanha x Oportunidade de Vendas</value>
  <value column="Description" original=""/>
  <value column="DomainLabel" original="Opportunity">Oportunidade</value>
  <value column="RangeLabel" original="Campaign">Camapanha</value>
 </row>
 <row id="50002" trl="Y">
  <value column="Name" original="Sales YTD">Vendas YTD</value>
  <value column="Description" original=""/>
  <value column="DomainLabel" original="Month">Mês</value>
  <value column="RangeLabel" original="Value">Chave</value>
 </row>
 <row id="50003" trl="Y">
  <value column="Name" original="My Open Requests">Minhas Requisições em Aberto</value>
  <value column="Description" original=""/>
  <value column="DomainLabel" original=""/>
  <value column="RangeLabel" original=""/>
 </row>
</idempiereTrl>
