<?xml version="1.0" encoding="UTF-8" standalone="no"?>
<!--iDempiere(r) Release 7.1_2019-11-22 -Smart Suite ERP, CRM and SCM- (c) 1999-2019 iDempiere(r); Implementation: iDempiere - Supported by iDempiere community--><!--<!DOCTYPE idempiereTrl PUBLIC "-//ComPiere, Inc.//DTD iDempiere Translation 1.0//EN" "http://www.idempiere.com/dtd/idempiereTrl.dtd">--><idempiereTrl language="pt_BR" table="AD_Form">
 <row id="100" trl="Y">
  <value column="Name" original="Generate Invoices (manual)">Gerar Faturas / Notas Fiscais  (Manual)</value>
  <value column="Description" original="Select and generate invoices">Selecionar e Gerar Notas Fiscais</value>
  <value column="Help" original="Generate Invoices from Orders.  &#10;Select the orders to generate the invoice for." xml:space="preserve"><![CDATA[<html>
<head>
<title>Page Title</title>
</head>
<body>

Gerar Faturas a partir dos Pedidos. Selecione os pedidos para os quais devem ser geradas as faturas.
<br></br>
<p><b>Legendas:</b></p>
<p><b style="font-size: 32px; color:green;">&#9679;</b> Pedido pronto para ser faturado.</p>

<p><b style="font-size: 32px; color:blue;">&#9679;</b> Pedido tratado e pronto para ser faturado.</p>

<p><b style="font-size: 32px; color:red;">&#9679;</b> Verificar tratamento deste pedido.</p>

</body>
</html>]]></value>
 </row>
 <row id="101" trl="Y">
  <value column="Name" original="Import File Loader">Carregador de Arquivo de Importação</value>
  <value column="Description" original="Load flat Files into import tables">Carregar arquivos planos nas tabelas de importação</value>
  <value column="Help" original="The Import File Loader parses the content of a flat file and loads it into import tables. Comments start with a '[' and end with a ']' and are ignored; example: [Some Heading].">O Carregador de Arquivo de Importação analisa o conteúdo de um arquivo plano e o carrega nas tabelas de importação. Comentários começam com um '[' e terminam com um ']' e são ignorados; exemplo: [Algum Título].</value>
 </row>
 <row id="103" trl="Y">
  <value column="Name" original="Material Transactions">Transações de Materiais</value>
  <value column="Description" original="Material Transactions">Transações de Materiais</value>
  <value column="Help" original=""/>
 </row>
 <row id="104" trl="Y">
  <value column="Name" original="Payment Allocation">Alocação de Pagamentos</value>
  <value column="Description" original="Allocate invoices and payments">Alocar faturas e pagamentos</value>
  <value column="Help" original=""/>
 </row>
 <row id="105" trl="Y">
  <value column="Name" original="Generate Charges">Gerar Finalidades</value>
  <value column="Description" original="Generate Charges from natural accounts">Gerar Finalidades a partir das Contas Naturais</value>
  <value column="Help" original="Use the upper portion to create new charges using the general charge accounts.  Use the lower portion to create charges based on the natural account.">Use a parte superior para criar novas finalidades usando as contas de despesas gerais .  Use a parte inferior para criar finalidades baseadas nas contas naturais.</value>
 </row>
 <row id="106" trl="Y">
  <value column="Name" original="Payment Print/Export">Imprimir/Exportar Pagamentos</value>
  <value column="Description" original="Print or export your payments">Imprimir ou exportar seus pagamentos</value>
  <value column="Help" original=""/>
 </row>
 <row id="107" trl="Y">
  <value column="Name" original="Payment Selection (manual)">Seleção de Pagamento (manual)</value>
  <value column="Description" original="Manual Payment Selection">Seleção de Pagamento Manual</value>
  <value column="Help" original="Select vendor invoices for payment. If you don't see an invoice, make sure that it is not included in a different (nprocessed) Payment Selection.">Selecione as Faturas de Fornecedor para pagamento. Se você não vir uma fatura, certifique-se que ela não esteja incluida em um Seleção de Pagamento diferente (nprocessed).</value>
 </row>
 <row id="108" trl="Y">
  <value column="Name" original="Matching PO-Receipt-Invoice">Confrontando Pedido de Compra-Recibo-Fatura</value>
  <value column="Description" original="Match Purchase Orders, Receipts, Vendor Invoices">Confrontar Pedidos de Compra, Recibos, Notas Fiscais de Fornecedores</value>
  <value column="Help" original="Make sure that the Receipts and Invoices are processed. If you want to match partial shipment, make sure that &quot;Same Quantity&quot; is not selected.">Certifique-se que os Recibos e Faturas sejam processados. Se você deseja confrontar entregas parciais, Certifique-se que "Mesma Quantidade" não esteja selecionado.</value>
 </row>
 <row id="109" trl="Y">
  <value column="Name" original="Translation Import/Export">Importação/Exportação de Traduções</value>
  <value column="Description" original="Import or Export Language Translation">Importar ou Exportar Traduções de Idiomas</value>
  <value column="Help" original="Export/Import Translation info to/from xml for translation in external tool. Please note that the Language MUST be an enabled and verified System Langage.">Exportar/Importar Informações de Tradução de/para arquivos xml para tradução em uma ferramenta externa. Note que o Idioma TEM que ser um Idioma de Sistema liberado e verificado.</value>
 </row>
 <row id="110" trl="Y">
  <value column="Name" original="Generate Shipments (manual)">Gerar Remessas (manual)</value>
  <value column="Description" original="Select and generate shipments">Selecionar e gerar remessas</value>
  <value column="Help" original="Generate Shipments from Orders.  &#10;Select the orders to generate the shipments for.">Gerar Expedições a partir dos Pedidos. Selecione os pedidos para os quais devem ser geradas as expedições.</value>
 </row>
 <row id="111" trl="Y">
  <value column="Name" original="SQL Process">Processo SQL</value>
  <value column="Description" original="Process SQL Statements">Processar Declarações SQL</value>
  <value column="Help" original="Process SQL DDL Statements">Processar Declarações SQL DDL</value>
 </row>
 <row id="112" trl="Y">
  <value column="Name" original="Merge Entities">Fundir Entidades</value>
  <value column="Description" original="Merge From Entity to To Entity - Delete From">Fundir "de Entidade" para "para Entidade" - Apagar "de"</value>
  <value column="Help" original="&lt;i&gt;Dangerous - Please are aware of what you are doing!&lt;/i&gt;&#10;All instances of the From entity (e.g. Customer A) are changed to the To entity (e.g. Customer B). &#10;The From entity (e.g. Customer A) is deleted. &#10;&lt;p&gt;&lt;b&gt;There is NO undo nor trace !  Please do a backup first&lt;/b&gt; Please be aware that you may be changing history records (e.g. invoices, etc.) ! &lt;/p&gt;&#10;&lt;p&gt;&lt;b&gt;Side effects:&lt;/b&gt; Merging Products are likely to distort product costs; Merging Business Partners may result in incorrect open item balance. Check with support on remedies.&lt;/p&gt;&#10;&lt;p&gt;&lt;b&gt;Restrictions:&lt;/b&gt; Accounting and Inventory conflicts are not resolved in this version.&lt;/p&gt;" xml:space="preserve"><![CDATA[<i>Perigoso - Tenha certeza do que você está fazendo!</i> Todas as instâncias da entidade de origem (ex. Cliente A) são alteradas para a entidade de destino (ex. Cliente B). A entidade de origem (ex. Cliente A) é apagada. <p><b> NÃO é possível desfazer, nem haverá registro de rastreamento !  Por favor, faça um backup antes</b> Por favor, esteja ciente que você pode estar alterando registros históricos (ex. faturas, etc.) ! </p> <p><b>Efeitos colaterais:</b> Fundir Produtos poderá distorcer custos de produtos; Fundir Parceiros de Negócios poderá resultar na abertura incorreta do balanço de um item. Confira com o suporte para remediar. <p><b>Restrições:</b> Conflitos de Contabilidade e Estoque não estão resolvidos nesta versão.
]]></value>
 </row>
 <row id="113" trl="Y">
  <value column="Name" original="POS">PDV</value>
  <value column="Description" original="Point Of Sales Terminal">Terminal de Ponto de Vendas</value>
  <value column="Help" original="Enter Transactions via a POS Terminal.  Automatically, scans or credit card swipes are recongized.">Digitar Transações por meio de um Terminal de PDV.  Leituras de cartões de crédito são reconhecidas automaticamente.</value>
 </row>
 <row id="114" trl="Y">
  <value column="Name" original="BOM Drop">Abrir Lista de Materiais (LDM)</value>
  <value column="Description" original="Drop (expand) Bill of Materials">Abrir (expandir) Lista de Materiais</value>
  <value column="Help" original="Drop the extended Bill of Materials into an Order, Invoice, etc.  The documents need to be in a Drafted stage.  Make sure that the items included in the BOM are on the price list of the Order, Invoice, etc. as otherwise the price will be zero!">Expandir a Lista de Materiais estendida em um Pedido, Fatura, etc.  Os documentos tem de estar em um estágio de rascunho.  Certifique-se que os itens incluídos na LDM estão na lista de preços do Pedido, Fatura, etc. já que de outro modo o preço será zero!</value>
 </row>
 <row id="115" trl="Y">
  <value column="Name" original="Tree Maintenance">Manutenção de Árvore</value>
  <value column="Description" original="Maintain Trees">Gerenciamento de Árvores</value>
  <value column="Help" original="View and change trees. Maintain the entries in their specific Windows.">Visualiza e edita árvores. Gerenciamento de registros em suas janelas específicas.</value>
 </row>
 <row id="116" trl="Y">
  <value column="Name" original="Workflow Editor">Editor de Fluxo de Trabalho</value>
  <value column="Description" original="Edit Workflows">Edita Fluxos de Trabalho</value>
  <value column="Help" original="Edit the graphical layout of workflows">Edita o layout gráfico dos fluxos de trabalho</value>
 </row>
 <row id="117" trl="Y">
  <value column="Name" original="Workflow Activities">Atividades de Fluxo de Trabalho</value>
  <value column="Description" original="My active workflow activities">Minhas atividades de fluxo de trabalho ativas</value>
  <value column="Help" original="View active worflow activities">Visualização das atividades de fluxo de trabalho ativas</value>
 </row>
 <row id="118" trl="Y">
  <value column="Name" original="Archive Viewer">Visualizador de Documentos Arquivados</value>
  <value column="Description" original="View automatically archived Documents">Visualizar automaticamente documentos arquivados</value>
  <value column="Help" original="Depending on the Client Automatic Archive Level documents and reports are saved and available for view. In the Report Viewer you can manually archive Documents or Reports.  You can only view archives, if you have access to the original document.">Dependendo do "Nível de Arquivamento Automático da Empresa" os documentos e relatórios são salvos e disponibilizados para visualização. No "Visualizador de Relatório" você pode arquivar manualmente documentos ou relatórios.  Você só pode visualizar arquivos, se você tiver acesso ao documento original.</value>
 </row>
 <row id="119" trl="Y">
  <value column="Name" original="Performance Indicators">Indicadores de Desempenho</value>
  <value column="Description" original="View Performance Indicators">Visualizar os Indicadores de Desempenho</value>
  <value column="Help" original="View all Performance Indicators and Goals">Visualizar todos os Indicadores de Desempenho e Metas</value>
 </row>
 <row id="120" trl="Y">
  <value column="Name" original="Product Attribute Grid">Grade de Atributo de Produto</value>
  <value column="Description" original="Maintain Products with Attributes in a Table Grid">Gerenciamento de Produtos com Atributos em uma Grade de Tabela</value>
  <value column="Help" original="Select one or two attributes if a Product Attribute and display/maintain products in a row or table grid.">Selecione um ou dois atributos de um Atributo de Produto e exiba/gerencie os produto em uma linha ou uma grade de tabela.</value>
 </row>
 <row id="53001" trl="N">
  <value column="Name" original="BOM &amp; Formula Info" xml:space="preserve"><![CDATA[BOM & Formula Info]]></value>
  <value column="Description" original="Shows in two different panels the parent-component relationship for the product entered in the Product field.">Shows in two different panels the parent-component relationship for the product entered in the Product field.</value>
  <value column="Help" original="The BOM &amp; Formula Review option menu shows in two different panels the parent-component relationship for the product entered in the Product field.&#10;&#10;You need to introduce the parent product you want to see its components then click the OK button, next drag the left margin of the panel to the right and you will have the two panels.&#10;&#10;When you need to consult an implosion, click the implosion check box and enter the component you wish to consult and tick the Implosion check box.&#10;&#10;You need to introduce the parent product you want to see its components then click the OK button, next drag the left margin of the panel to the right and you will have the two panels.&#10;&#10;The left panel shows the BOM hierarchies in a tree form. The right panel shows the information connected with the BOM for every product in it" xml:space="preserve"><![CDATA[The BOM & Formula Review option menu shows in two different panels the parent-component relationship for the product entered in the Product field.

You need to introduce the parent product you want to see its components then click the OK button, next drag the left margin of the panel to the right and you will have the two panels.

When you need to consult an implosion, click the implosion check box and enter the component you wish to consult and tick the Implosion check box.

You need to introduce the parent product you want to see its components then click the OK button, next drag the left margin of the panel to the right and you will have the two panels.

The left panel shows the BOM hierarchies in a tree form. The right panel shows the information connected with the BOM for every product in it]]></value>
 </row>
 <row id="53002" trl="N">
  <value column="Name" original="Product Configuration BOM">Product Configuration BOM</value>
  <value column="Description" original="This form let create a product configure with multy level using options and variants">This form let create a product configure with multy level using options and variants</value>
  <value column="Help" original="A configurable Bill of Material (CBOM) is used by industries that have multiple options and highly configurable products.&#10;&#10;The CBOM is used to dynamically create &quot;end-items&quot; that a company sells. The benefit of using CBOM structure is it reduces the work-effort needed to maintain product structures. The configurable BOM is most frequently driven by &quot;configurator&quot; software, however it can be enabled manually (manual maintenance is infrequent because its unwieldy to manage the number of permutaions and combinations of possible configurations) The development of the CBOM is dependent on having a Modular BOM structure in place (see Modular BOM). The Modular BOM structure provides the assemblies/sub-systems that can be selected to &quot;configure&quot; an end-item.">A configurable Bill of Material (CBOM) is used by industries that have multiple options and highly configurable products.

The CBOM is used to dynamically create "end-items" that a company sells. The benefit of using CBOM structure is it reduces the work-effort needed to maintain product structures. The configurable BOM is most frequently driven by "configurator" software, however it can be enabled manually (manual maintenance is infrequent because its unwieldy to manage the number of permutaions and combinations of possible configurations) The development of the CBOM is dependent on having a Modular BOM structure in place (see Modular BOM). The Modular BOM structure provides the assemblies/sub-systems that can be selected to "configure" an end-item.</value>
 </row>
 <row id="53003" trl="N">
  <value column="Name" original="MRP Info">MRP Info</value>
  <value column="Description" original="Show the detail of MRP calculation">Show the detail of MRP calculation</value>
  <value column="Help" original="Show the detail of MRP calculation">Show the detail of MRP calculation</value>
 </row>
 <row id="53004" trl="N">
  <value column="Name" original="Planned Order Approval ">Planned Order Approval </value>
  <value column="Description" original="A planned manufacturing order is a manufacturing order suggested by the MRP process and contains its quantity and its release and promise dates.">A planned manufacturing order is a manufacturing order suggested by the MRP process and contains its quantity and its release and promise dates.</value>
  <value column="Help" original="A planned manufacturing order is a manufacturing order suggested by the MRP process and contains its quantity and its release and promise dates. when you approve a manufacturing planned order you convert it in a manufacturing order with the status of In Process.&#10;&#10;When you approve a planned order you are telling the system that the manufacturing order is ready to start its process with the approval you change the order status from Draft to In Process.">A planned manufacturing order is a manufacturing order suggested by the MRP process and contains its quantity and its release and promise dates. when you approve a manufacturing planned order you convert it in a manufacturing order with the status of In Process.

When you approve a planned order you are telling the system that the manufacturing order is ready to start its process with the approval you change the order status from Draft to In Process.</value>
 </row>
 <row id="53005" trl="N">
  <value column="Name" original="CRP Info">CRP Info</value>
  <value column="Description" original="It shows graphically of the required and available time for each manufacturing resource.">It shows graphically of the required and available time for each manufacturing resource.</value>
  <value column="Help" original="It shows graphically of the required and available time for each manufacturing resource.">It shows graphically of the required and available time for each manufacturing resource.</value>
 </row>
 <row id="53006" trl="N">
  <value column="Name" original="Resource Load View">Resource Load View</value>
  <value column="Description" original="It shows graphically of the required and available time for each manufacturing resource.">It shows graphically of the required and available time for each manufacturing resource.</value>
  <value column="Help" original="It shows graphically of the required and available time for each manufacturing resource.">It shows graphically of the required and available time for each manufacturing resource.</value>
 </row>
 <row id="53007" trl="N">
  <value column="Name" original="Order Receipt &amp; Issue" xml:space="preserve"><![CDATA[Order Receipt & Issue]]></value>
  <value column="Description" original="Order Receipt &amp; Issue" xml:space="preserve"><![CDATA[Order Receipt & Issue]]></value>
  <value column="Help" original="The form shows at the upper side static information around the product and the manufacturing resource where it has to be made, it also shows a summary of the quantities to be controlled in the MO such as the Original and delivered quantities and the Quantity to deliver for the MO up to date.&#10;&#10;If the production process requires production in batch, then the Qty Batchs shows the Number of batches the shop floor needs to do and the Qty Batch Size contains the size of every batch to be produced.&#10;&#10;&#10;If you want to issue the MO components before you receive the finished product you should tick the checkbox Is Delivery, this case is recommended when you have a long to medium lead time and you want to have the inventory quantities as reliable as possible at every moment.&#10;&#10;If you have small lead time and you wish to save clerk time then you must tick Is Backflush checkbox and you will receive the finished product at the same time you issue automatically the components&#10;&#10;The Backflush Group field is used when you want to issue just components belonging to this group. (This characteristic could not be included in the current version).&#10;&#10;At the lower part of the window you can find the list of every MO component, this can be modified according with the real products and quantities given to the shop floor.&#10;&#10;The quantities to be issued are selected with the checkbox at the first column of the list of components. If the actual quantity is different from the standard quantity showed in the column Qty to deliver you should edit this field to enter the right quantity to be issued.&#10;&#10;Finally a message box asks if you want to close the OM document, you should click the ok button if this MO does not have any more transactions and has to be closed.&#10;&#10;">The form shows at the upper side static information around the product and the manufacturing resource where it has to be made, it also shows a summary of the quantities to be controlled in the MO such as the Original and delivered quantities and the Quantity to deliver for the MO up to date.

If the production process requires production in batch, then the Qty Batchs shows the Number of batches the shop floor needs to do and the Qty Batch Size contains the size of every batch to be produced.


If you want to issue the MO components before you receive the finished product you should tick the checkbox Is Delivery, this case is recommended when you have a long to medium lead time and you want to have the inventory quantities as reliable as possible at every moment.

If you have small lead time and you wish to save clerk time then you must tick Is Backflush checkbox and you will receive the finished product at the same time you issue automatically the components

The Backflush Group field is used when you want to issue just components belonging to this group. (This characteristic could not be included in the current version).

At the lower part of the window you can find the list of every MO component, this can be modified according with the real products and quantities given to the shop floor.

The quantities to be issued are selected with the checkbox at the first column of the list of components. If the actual quantity is different from the standard quantity showed in the column Qty to deliver you should edit this field to enter the right quantity to be issued.

Finally a message box asks if you want to close the OM document, you should click the ok button if this MO does not have any more transactions and has to be closed.

</value>
 </row>
 <row id="53008" trl="N">
  <value column="Name" original="Generate Movement Manual">Generate Movement Manual</value>
  <value column="Description" original="Generate Movement to a Order Distribution">Generate Movement to a Order Distribution</value>
  <value column="Help" original=""/>
 </row>
 <row id="53009" trl="N">
  <value column="Name" original="Payroll Action Notice">Payroll Action Notice</value>
  <value column="Description" original="Payroll Action Notice let entry the events that happend with any Employee">Payroll Action Notice let entry the events that happend with any Employee</value>
  <value column="Help" original=""/>
 </row>
 <row id="53012" trl="N">
  <value column="Name" original="Material Receipt Distribution Order">Material Receipt Distribution Order</value>
  <value column="Description" original="Material Receipt Distribution Order">Material Receipt Distribution Order</value>
  <value column="Help" original=""/>
 </row>
 <row id="53013" trl="N">
  <value column="Name" original="Manufacturing Workflow Editor">Manufacturing Workflow Editor</value>
  <value column="Description" original="Edit Manufacturing Workflows">Edit Manufacturing Workflows</value>
  <value column="Help" original="Edit the graphical layout of manufacturing workflows">Edit the graphical layout of manufacturing workflows</value>
 </row>
 <row id="53016" trl="Y">
  <value column="Name" original="Accounting Fact Reconcilation (manual)">Reconciliação de Fatos Contábeis (manual)</value>
  <value column="Description" original=""/>
  <value column="Help" original=""/>
 </row>
 <row id="53017" trl="Y">
  <value column="Name" original="BOM Viewer">Visualização de LdM</value>
  <value column="Description" original="Shows the parent-component relationship for the product entered in the Product field.">Mostra a lista de materiais de um produto</value>
  <value column="Help" original="Selecting a product will display a hierarchy of components and sub-BOMs for that product.&#13;&#10;&#13;&#10;Selecting the &quot;Where Used&quot; check box will display the BOMs that this product is used in.">Ao selecionar um produto, irá exibir a hierarquia de componentes para o mesmo. Se selecionar "One é utilizado", irá mostrar as LDM que usam este produto.</value>
 </row>
 <row id="200000" trl="Y">
  <value column="Name" original="Setup Wizard">Assistente de Configuração</value>
  <value column="Description" original=""/>
  <value column="Help" original=""/>
 </row>
 <row id="200001" trl="Y">
  <value column="Name" original="Reset Password">Alterar Senha</value>
  <value column="Description" original="Reset Password">Trocar Senha</value>
  <value column="Help" original=""/>
 </row>
 <row id="200002" trl="Y">
  <value column="Name" original="Report Wizard">Assistente de Relatório</value>
  <value column="Description" original="Report Wizard">Assistente de Relatório</value>
  <value column="Help" original=""/>
 </row>
 <row id="200005" trl="Y">
  <value column="Name" original="Tab Editor">Editor de Abas</value>
  <value column="Description" original=""/>
  <value column="Help" original=""/>
 </row>
 <row id="200006" trl="Y">
  <value column="Name" original="Bank Statement Create From Batch">Criar Extrato Bancário à Partir do Lote</value>
  <value column="Description" original=""/>
  <value column="Help" original=""/>
 </row>
 <row id="200008" trl="N">
  <value column="Name" original="Captured Process Parameter">Captured Process Parameter</value>
  <value column="Description" original=""/>
  <value column="Help" original=""/>
 </row>
 <row id="200009" trl="N">
  <value column="Name" original="Compare Field Suggestion">Compare Field Suggestion</value>
  <value column="Description" original="Review field changes for label, descriptipn and help">Review field changes for label, descriptipn and help</value>
  <value column="Help" original=""/>
 </row>
 <row id="200010" trl="N">
  <value column="Name" original="Compare Context Help Suggestion">Compare Context Help Suggestion</value>
  <value column="Description" original="Review changes for context help">Review changes for context help</value>
  <value column="Help" original=""/>
 </row>
 <row id="200011" trl="Y">
  <value column="Name" original="idempiereMonitor">brerpMonitor</value>
  <value column="Description" original="Form to configure access to /idempiereMonitor - do not add to menu">Formulário para configurar acesso ao /brerpMonitor - não adicionar ao menu</value>
  <value column="Help" original=""/>
 </row>
 <row id="200012" trl="N">
  <value column="Name" original="Apache Felix Web Console">Apache Felix Web Console</value>
  <value column="Description" original="Form to configure access to /osgi/system/console - do not add to menu">Form to configure access to /osgi/system/console - do not add to menu</value>
  <value column="Help" original=""/>
 </row>
</idempiereTrl>
