<?xml version="1.0" encoding="UTF-8" standalone="no"?>
<!--iDempiere(r) Release 7.1_2019-11-22 -Smart Suite ERP, CRM and SCM- (c) 1999-2019 iDempiere(r); Implementation: iDempiere - Supported by iDempiere community--><!--<!DOCTYPE idempiereTrl PUBLIC "-//ComPiere, Inc.//DTD iDempiere Translation 1.0//EN" "http://www.idempiere.com/dtd/idempiereTrl.dtd">--><idempiereTrl language="pt_BR" table="AD_InfoWindow">
 <row id="200000" trl="Y">
  <value column="Name" original="Product Info">Informações de Produto</value>
  <value column="Description" original=""/>
  <value column="Help" original=""/>
 </row>
 <row id="200001" trl="Y">
  <value column="Name" original="Business Partner Info">Informações de Parceiro de Negócios</value>
  <value column="Description" original=""/>
  <value column="Help" original=""/>
 </row>
 <row id="200002" trl="Y">
  <value column="Name" original="Order Info">Informações de Pedido</value>
  <value column="Description" original=""/>
  <value column="Help" original=""/>
 </row>
 <row id="200003" trl="Y">
  <value column="Name" original="Invoice Info">Informações de Fatura</value>
  <value column="Description" original=""/>
  <value column="Help" original=""/>
 </row>
 <row id="200004" trl="Y">
  <value column="Name" original="Shipment Info">Informações de Recebimento/Entrega</value>
  <value column="Description" original=""/>
  <value column="Help" original=""/>
 </row>
 <row id="200005" trl="Y">
  <value column="Name" original="Payment Info">Informações de Pagamento/Recebimento</value>
  <value column="Description" original=""/>
  <value column="Help" original=""/>
 </row>
 <row id="200006" trl="Y">
  <value column="Name" original="Resource Info">Informações de Recurso</value>
  <value column="Description" original=""/>
  <value column="Help" original=""/>
 </row>
 <row id="200007" trl="Y">
  <value column="Name" original="Asset Info">Informações de Ativo</value>
  <value column="Description" original=""/>
  <value column="Help" original=""/>
 </row>
 <row id="200013" trl="N">
  <value column="Name" original="Role (All)">Role (All)</value>
  <value column="Description" original=""/>
  <value column="Help" original=""/>
 </row>
 <row id="200014" trl="Y">
  <value column="Name" original="Support Users vs Roles">Usuários de Suporte vs Perfis</value>
  <value column="Description" original=""/>
  <value column="Help" original=""/>
 </row>
</idempiereTrl>
