<?xml version="1.0" encoding="UTF-8" standalone="no"?>
<!--iDempiere(r) Release 7.1_2019-11-22 -Smart Suite ERP, CRM and SCM- (c) 1999-2019 iDempiere(r); Implementation: iDempiere - Supported by iDempiere community--><!--<!DOCTYPE idempiereTrl PUBLIC "-//ComPiere, Inc.//DTD iDempiere Translation 1.0//EN" "http://www.idempiere.com/dtd/idempiereTrl.dtd">--><idempiereTrl language="pt_BR" table="AD_PrintColor">
 <row id="100" trl="Y">
  <value column="Name" original="Black">Preto</value>
 </row>
 <row id="102" trl="Y">
  <value column="Name" original="Red">Vermelho</value>
 </row>
 <row id="103" trl="Y">
  <value column="Name" original="Green">Verde</value>
 </row>
 <row id="104" trl="Y">
  <value column="Name" original="Blue">Azul</value>
 </row>
 <row id="105" trl="Y">
  <value column="Name" original="Gray dark">Cinza Escuro</value>
 </row>
 <row id="106" trl="Y">
  <value column="Name" original="Gray">Cinza</value>
 </row>
 <row id="107" trl="Y">
  <value column="Name" original="Gray light">Cinza Claro</value>
 </row>
 <row id="108" trl="Y">
  <value column="Name" original="White">Branco</value>
 </row>
 <row id="109" trl="Y">
  <value column="Name" original="Cyan">Ciano</value>
 </row>
 <row id="110" trl="Y">
  <value column="Name" original="Magenta">Magenta</value>
 </row>
 <row id="111" trl="Y">
  <value column="Name" original="Orange">Laranja</value>
 </row>
 <row id="112" trl="Y">
  <value column="Name" original="Pink">Rosa</value>
 </row>
 <row id="113" trl="Y">
  <value column="Name" original="Yellow">Amarelo</value>
 </row>
 <row id="114" trl="Y">
  <value column="Name" original="Blue dark">Azul Escuro</value>
 </row>
 <row id="115" trl="Y">
  <value column="Name" original="Gray white">Cinza Branco</value>
 </row>
 <row id="116" trl="Y">
  <value column="Name" original="Green dark">Verde Escuro</value>
 </row>
 <row id="117" trl="Y">
  <value column="Name" original="Green black">Verde Preto</value>
 </row>
 <row id="119" trl="Y">
  <value column="Name" original="Blue black">Azul Preto</value>
 </row>
 <row id="120" trl="Y">
  <value column="Name" original="Brown">Marrom</value>
 </row>
 <row id="121" trl="Y">
  <value column="Name" original="Brown dark">Marrom Escuro</value>
 </row>
</idempiereTrl>
