<?xml version="1.0" encoding="UTF-8" standalone="no"?>
<!--iDempiere(r) Release 7.1_2019-11-22 -Smart Suite ERP, CRM and SCM- (c) 1999-2019 iDempiere(r); Implementation: iDempiere - Supported by iDempiere community--><!--<!DOCTYPE idempiereTrl PUBLIC "-//ComPiere, Inc.//DTD iDempiere Translation 1.0//EN" "http://www.idempiere.com/dtd/idempiereTrl.dtd">--><idempiereTrl language="pt_BR" table="AD_WF_Node">
 <row id="116" trl="Y">
  <value column="Name" original="Accounting Schema">Esquema Contábil</value>
  <value column="Description" original="Project as Account Segment">Projete como um segmento de contas</value>
  <value column="Help" original="To enable accounting reporting of projects, create and enable a project segment in the account elements.">To enable accounting reporting of projects, create and enable a project segment in the account elements.</value>
 </row>
 <row id="118" trl="Y">
  <value column="Name" original="System Elements">Elementos do Sistema</value>
  <value column="Description" original="Translate System Elements">Traduzir os Elementos do Sistema</value>
  <value column="Help" original="System Elements are used to centrally define field labels, description and help. When translating an Element, the appropriate information of Fields in Windows, Parameters and Reports are translated (overwritten)">System Elements are used to centrally define field labels, description and help. When translating an Element, the appropriate information of Fields in Windows, Parameters and Reports are translated (overwritten)</value>
 </row>
 <row id="119" trl="Y">
  <value column="Name" original="Messages">Mensagens</value>
  <value column="Description" original="Translate Messages">Traduzir Mensagens</value>
  <value column="Help" original="Translate the messages used in Windows, Forms and Processes">Translate the messages used in Windows, Forms and Processes</value>
 </row>
 <row id="120" trl="Y">
  <value column="Name" original="Reference">Referência</value>
  <value column="Description" original="Translate References">Traduzir Referências</value>
  <value column="Help" original="References are used as prefedined selection lists.  You only need to translate the List Elements !!">References are used as prefedined selection lists.  You only need to translate the List Elements !!</value>
 </row>
 <row id="121" trl="Y">
  <value column="Name" original="Window &amp; Tab" xml:space="preserve"><![CDATA[Janela & Aba]]></value>
  <value column="Description" original="Translate Windows and Tabs">Traduzir Janelas e Abas</value>
  <value column="Help" original="Translate the Name, Description and Help for Windows and Tabs.  Most of the Fields are already translated, if they are centrally maintained.">Translate the Name, Description and Help for Windows and Tabs.  Most of the Fields are already translated, if they are centrally maintained.</value>
 </row>
 <row id="122" trl="Y">
  <value column="Name" original="Form">Formulário</value>
  <value column="Description" original="Translate Forms">Traduzir Formulários</value>
  <value column="Help" original="Forms are special Windows and you need to translate its name, description and Help.">Forms are special Windows and you need to translate its name, description and Help.</value>
 </row>
 <row id="123" trl="Y">
  <value column="Name" original="Report &amp; Process" xml:space="preserve"><![CDATA[Relatório & Processo]]></value>
  <value column="Description" original="Translate Reports and Processes">Traduzir Relatórios e Processos</value>
  <value column="Help" original="Translate the Name, Description and Help for Processes and Reports. You don't need to translate the Parameters, if they are centrally maintained.">Translate the Name, Description and Help for Processes and Reports. You don't need to translate the Parameters, if they are centrally maintained.</value>
 </row>
 <row id="140" trl="Y">
  <value column="Name" original="User">Usuário</value>
  <value column="Description" original="Define Sales Representative as User">Definir Representante de Vendas como Usuário</value>
  <value column="Help" original="Users can log into the system and have access to functionality via one or more roles. Select the Business Partner you just set up. This enables the user to be treated as sales rep in the system.">Users can log into the system and have access to functionality via one or more roles. Select the Business Partner you just set up. This enables the user to be treated as sales rep in the system.</value>
 </row>
 <row id="141" trl="Y">
  <value column="Name" original="Business Partner">Parceiro de Negócios</value>
  <value column="Description" original="Set up Sales Representative as Business Partner">Configurar Representante de Vendas como um Parceiro de Negócios</value>
  <value column="Help" original="Set up the sales representative as Employee and Sales Representative in the Employee tab.  Also set up the Vendor part, if you want to create payments.">Set up the sales representative as Employee and Sales Representative in the Employee tab.  Also set up the Vendor part, if you want to create payments.</value>
 </row>
 <row id="146" trl="Y">
  <value column="Name" original="Workflow">Fluxo de Trabalho</value>
  <value column="Description" original="Translate Workflows">Traduzir Fluxos de Trabalho</value>
  <value column="Help" original="Translate Name, Description and Help of Workflows and their Nodes.  You only need to translate the List Elements !!">Translate Name, Description and Help of Workflows and their Nodes.  You only need to translate the List Elements !!</value>
 </row>
 <row id="152" trl="Y">
  <value column="Name" original="Check Client Setup">Conferir a Configuração da Empresa</value>
  <value column="Description" original="Check Client setup for Requests">Conferir a Configuração da Empresa para Solicitações.</value>
  <value column="Help" original="You need to have a mail server and an email address from which the requets an notifications are sent.  Optionally, if you define a mail user and password, requests are read from the mail users's folder and imported into the system.">You need to have a mail server and an email address from which the requets an notifications are sent.  Optionally, if you define a mail user and password, requests are read from the mail users's folder and imported into the system.</value>
 </row>
 <row id="153" trl="Y">
  <value column="Name" original="Check Users">Conferir Usuários</value>
  <value column="Description" original="Check users for Request processing">Conferir usuários para processamento de Solicitações</value>
  <value column="Help" original="Please ensure that users have a email address and supervisor assigned.">Please ensure that users have a email address and supervisor assigned.</value>
 </row>
 <row id="155" trl="Y">
  <value column="Name" original="Check Business Partners">Conferir Parceiros de Negócios</value>
  <value column="Description" original="Check Business Partners for Request processing">Conferir Parceiros de Negócios para processamento de Solicitações</value>
  <value column="Help" original="You can send EMails to businbess partners.  Make sure, that the business partners and/or the Contacts have email addresses.">You can send EMails to businbess partners.  Make sure, that the business partners and/or the Contacts have email addresses.</value>
 </row>
 <row id="166" trl="N">
  <value column="Name" original="Tax Category">Tax Category</value>
  <value column="Description" original="Maintain Tax Categories">Maintain Tax Categories</value>
  <value column="Help" original="The Tax Category Window is used to enter and maintain Tax Categories.  Each product is associated with a tax category which facilitates reacting changing tax rates.">The Tax Category Window is used to enter and maintain Tax Categories.  Each product is associated with a tax category which facilitates reacting changing tax rates.</value>
 </row>
 <row id="167" trl="N">
  <value column="Name" original="Product">Product</value>
  <value column="Description" original="Maintain Products">Maintain Products</value>
  <value column="Help" original="The Product Window defines all products used by an organization.  These products include those sold to customers, used in the manufacture of products sold to customers and products purchased by an organization.">The Product Window defines all products used by an organization.  These products include those sold to customers, used in the manufacture of products sold to customers and products purchased by an organization.</value>
 </row>
 <row id="168" trl="N">
  <value column="Name" original="Charge">Charge</value>
  <value column="Description" original="Maintain Charges">Maintain Charges</value>
  <value column="Help" original="The Charges Window defines the different charges that may be incurred.  These can include Bank Charges, Vendor Charges and Handling Charges.">The Charges Window defines the different charges that may be incurred.  These can include Bank Charges, Vendor Charges and Handling Charges.</value>
 </row>
 <row id="169" trl="N">
  <value column="Name" original="Tax Rate">Tax Rate</value>
  <value column="Description" original="Maintain Taxes and their Rates">Maintain Taxes and their Rates</value>
  <value column="Help" original="The Tax Rate Window defines the different taxes used for each tax category.  For example Sales Tax must be defined for each State in which it applies.">The Tax Rate Window defines the different taxes used for each tax category.  For example Sales Tax must be defined for each State in which it applies.</value>
 </row>
 <row id="170" trl="N">
  <value column="Name" original="Accounting Schema">Accounting Schema</value>
  <value column="Description" original="Maintain Accounting Schema - For changes to become effective you must re-login">Maintain Accounting Schema - For changes to become effective you must re-login</value>
  <value column="Help" original="The Accounting Schema Window defines an accounting method and the elements that will comprise an account structure. Create and activate elements for detailed accounting for Business Partners, Products, Locations, etc.&#10;Review and change the GL and Default accounts. The actual accounts used in transactions depend on the executing organization; Most of the information is derived from the context.">The Accounting Schema Window defines an accounting method and the elements that will comprise an account structure. Create and activate elements for detailed accounting for Business Partners, Products, Locations, etc.
Review and change the GL and Default accounts. The actual accounts used in transactions depend on the executing organization; Most of the information is derived from the context.</value>
 </row>
 <row id="180" trl="N">
  <value column="Name" original="Verify completed Requisition">Verify completed Requisition</value>
  <value column="Description" original="Just a test case for a manual interaction.">Just a test case for a manual interaction.</value>
  <value column="Help" original="Enter and maintain Material Requisitions">Enter and maintain Material Requisitions</value>
 </row>
 <row id="50000" trl="N">
  <value column="Name" original="Manufacturing Workflow Setup">Manufacturing Workflow Setup</value>
  <value column="Description" original="Setup Manufacturing Workflow">Setup Manufacturing Workflow</value>
  <value column="Help" original=""/>
 </row>
 <row id="50001" trl="N">
  <value column="Name" original="Discrete Manufacturing Setup">Discrete Manufacturing Setup</value>
  <value column="Description" original="Setup Manufacturing Management">Setup Manufacturing Management</value>
  <value column="Help" original=""/>
 </row>
 <row id="50002" trl="N">
  <value column="Name" original="Bill of Material &amp; Formula Setup" xml:space="preserve"><![CDATA[Bill of Material & Formula Setup]]></value>
  <value column="Description" original="Setup Manufacturing Management">Setup Manufacturing Management</value>
  <value column="Help" original=""/>
 </row>
 <row id="50003" trl="N">
  <value column="Name" original="Warehouse &amp; Locators" xml:space="preserve"><![CDATA[Warehouse & Locators]]></value>
  <value column="Description" original="Warehouse &amp; Locators" xml:space="preserve"><![CDATA[Warehouse & Locators]]></value>
  <value column="Help" original=""/>
 </row>
 <row id="50004" trl="N">
  <value column="Name" original="Resource Type">Resource Type</value>
  <value column="Description" original="Resource Type">Resource Type</value>
  <value column="Help" original=""/>
 </row>
 <row id="50005" trl="N">
  <value column="Name" original="Manufacturing Workflows">Manufacturing Workflows</value>
  <value column="Description" original="Manufacturing Workflows">Manufacturing Workflows</value>
  <value column="Help" original=""/>
 </row>
 <row id="50006" trl="N">
  <value column="Name" original="Manufacturing Resource">Manufacturing Resource</value>
  <value column="Description" original="Manufacturing Resource">Manufacturing Resource</value>
  <value column="Help" original=""/>
 </row>
 <row id="50007" trl="N">
  <value column="Name" original="Unit of Measure">Unit of Measure</value>
  <value column="Description" original="Maintain Unit of Measure ">Maintain Unit of Measure </value>
  <value column="Help" original=""/>
 </row>
 <row id="50008" trl="N">
  <value column="Name" original="Product">Product</value>
  <value column="Description" original="Maintain Products">Maintain Products</value>
  <value column="Help" original=""/>
 </row>
 <row id="50009" trl="N">
  <value column="Name" original="Material Requirement Planning Setup">Material Requirement Planning Setup</value>
  <value column="Description" original="Setup Material Requirement Planning">Setup Material Requirement Planning</value>
  <value column="Help" original=""/>
 </row>
 <row id="50010" trl="N">
  <value column="Name" original="Capacity Requirement Planning Setup">Capacity Requirement Planning Setup</value>
  <value column="Description" original="Setup Capacity Requirement Planning">Setup Capacity Requirement Planning</value>
  <value column="Help" original=""/>
 </row>
 <row id="50011" trl="N">
  <value column="Name" original="Forecast">Forecast</value>
  <value column="Description" original="Forecast">Forecast</value>
  <value column="Help" original=""/>
 </row>
 <row id="50012" trl="N">
  <value column="Name" original="Manufacturing Management Setup">Manufacturing Management Setup</value>
  <value column="Description" original="MRP is a set of techniques which uses Bills of Material, Inventory Data, and the Master Production Schedule to calculate requirements for materials.">MRP is a set of techniques which uses Bills of Material, Inventory Data, and the Master Production Schedule to calculate requirements for materials.</value>
  <value column="Help" original=""/>
 </row>
 <row id="50013" trl="N">
  <value column="Name" original="Notice">Notice</value>
  <value column="Description" original="MRP is a set of techniques which uses Bills of Material, Inventory Data, and the Master Production Schedule to calculate requirements for materials.">MRP is a set of techniques which uses Bills of Material, Inventory Data, and the Master Production Schedule to calculate requirements for materials.</value>
  <value column="Help" original=""/>
 </row>
 <row id="50014" trl="N">
  <value column="Name" original="Discrete Manufacturing Setup">Discrete Manufacturing Setup</value>
  <value column="Description" original="MRP is a set of techniques which uses Bills of Material, Inventory Data, and the Master Production Schedule to calculate requirements for materials.">MRP is a set of techniques which uses Bills of Material, Inventory Data, and the Master Production Schedule to calculate requirements for materials.</value>
  <value column="Help" original=""/>
 </row>
 <row id="50015" trl="N">
  <value column="Name" original="Material Requirement Planning Setup">Material Requirement Planning Setup</value>
  <value column="Description" original="Setup Material Requirement Planning">Setup Material Requirement Planning</value>
  <value column="Help" original=""/>
 </row>
 <row id="50016" trl="N">
  <value column="Name" original="Manufacturing Workflow Setup">Manufacturing Workflow Setup</value>
  <value column="Description" original="Setup Manufacturing Workflow">Setup Manufacturing Workflow</value>
  <value column="Help" original=""/>
 </row>
 <row id="50017" trl="N">
  <value column="Name" original="Calculate Capacity Plan">Calculate Capacity Plan</value>
  <value column="Description" original="Calculate Capacity Plan">Calculate Capacity Plan</value>
  <value column="Help" original=""/>
 </row>
 <row id="50018" trl="N">
  <value column="Name" original="Resource Load View">Resource Load View</value>
  <value column="Description" original="It shows graphically of the required and available time for each manufacturing resource.">It shows graphically of the required and available time for each manufacturing resource.</value>
  <value column="Help" original=""/>
 </row>
 <row id="50019" trl="N">
  <value column="Name" original="Material Requirement Planning Setup">Material Requirement Planning Setup</value>
  <value column="Description" original="Setup Material Requirement Planning">Setup Material Requirement Planning</value>
  <value column="Help" original=""/>
 </row>
 <row id="50020" trl="N">
  <value column="Name" original="Manufacturing Management Setup">Manufacturing Management Setup</value>
  <value column="Description" original="Setup Manufacturing Management">Setup Manufacturing Management</value>
  <value column="Help" original=""/>
 </row>
 <row id="50021" trl="N">
  <value column="Name" original="Distribution Management Setup">Distribution Management Setup</value>
  <value column="Description" original="Setup Distribution Management">Setup Distribution Management</value>
  <value column="Help" original=""/>
 </row>
 <row id="50022" trl="N">
  <value column="Name" original="Planned Order Approval">Planned Order Approval</value>
  <value column="Description" original="Planned Order Approval">Planned Order Approval</value>
  <value column="Help" original=""/>
 </row>
 <row id="50023" trl="N">
  <value column="Name" original="MRP Notice">MRP Notice</value>
  <value column="Description" original="MRP Notice">MRP Notice</value>
  <value column="Help" original=""/>
 </row>
 <row id="50024" trl="N">
  <value column="Name" original="MRP Info">MRP Info</value>
  <value column="Description" original="MRP Info">MRP Info</value>
  <value column="Help" original=""/>
 </row>
 <row id="50025" trl="N">
  <value column="Name" original="Calculate Distribution Plan">Calculate Distribution Plan</value>
  <value column="Description" original="Calculate Distribution Plan">Calculate Distribution Plan</value>
  <value column="Help" original=""/>
 </row>
 <row id="50027" trl="N">
  <value column="Name" original="(DocComplete)">(DocComplete)</value>
  <value column="Description" original="(Standard Node)">(Standard Node)</value>
  <value column="Help" original=""/>
 </row>
 <row id="50028" trl="N">
  <value column="Name" original="(DocPrepare)">(DocPrepare)</value>
  <value column="Description" original="(Standard Node)">(Standard Node)</value>
  <value column="Help" original=""/>
 </row>
 <row id="50029" trl="N">
  <value column="Name" original="(Start)">(Start)</value>
  <value column="Description" original="(Standard Node)">(Standard Node)</value>
  <value column="Help" original=""/>
 </row>
 <row id="50034" trl="N">
  <value column="Name" original="Freight Category">Freight Category</value>
  <value column="Description" original="Maintain Freight Categories">Maintain Freight Categories</value>
  <value column="Help" original=""/>
 </row>
 <row id="50035" trl="N">
  <value column="Name" original="Inventory Move">Inventory Move</value>
  <value column="Description" original="Inventory Move">Inventory Move</value>
  <value column="Help" original=""/>
 </row>
 <row id="50036" trl="N">
  <value column="Name" original="Shipper">Shipper</value>
  <value column="Description" original="Maintain Shippers">Maintain Shippers</value>
  <value column="Help" original=""/>
 </row>
 <row id="50049" trl="N">
  <value column="Name" original="Multi Level BOM &amp; Formula Detail" xml:space="preserve"><![CDATA[Multi Level BOM & Formula Detail]]></value>
  <value column="Description" original="Shows in two different panels the parent-component relationship for the product entered in the Product field.">Shows in two different panels the parent-component relationship for the product entered in the Product field.</value>
  <value column="Help" original=""/>
 </row>
 <row id="50050" trl="N">
  <value column="Name" original="BOM &amp; Formula Info" xml:space="preserve"><![CDATA[BOM & Formula Info]]></value>
  <value column="Description" original="Shows in two different panels the parent-component relationship for the product entered in the Product field.">Shows in two different panels the parent-component relationship for the product entered in the Product field.</value>
  <value column="Help" original=""/>
 </row>
 <row id="50051" trl="N">
  <value column="Name" original="Bill of Materials &amp; Formula" xml:space="preserve"><![CDATA[Bill of Materials & Formula]]></value>
  <value column="Description" original="Maintain Product Bill of Materials &amp; Formula " xml:space="preserve"><![CDATA[Maintain Product Bill of Materials & Formula ]]></value>
  <value column="Help" original=""/>
 </row>
 <row id="50052" trl="N">
  <value column="Name" original="Product Planning">Product Planning</value>
  <value column="Description" original="Product Planning">Product Planning</value>
  <value column="Help" original=""/>
 </row>
 <row id="50053" trl="N">
  <value column="Name" original="Calculate Low Level">Calculate Low Level</value>
  <value column="Description" original="MRP is a set of techniques which uses Bills of Material, Inventory Data, and the Master Production Schedule to calculate requirements for materials.">MRP is a set of techniques which uses Bills of Material, Inventory Data, and the Master Production Schedule to calculate requirements for materials.</value>
  <value column="Help" original=""/>
 </row>
 <row id="50054" trl="N">
  <value column="Name" original="Calculate Material Plan">Calculate Material Plan</value>
  <value column="Description" original="MRP is a set of techniques which uses Bills of Material, Inventory Data, and the Master Production Schedule to calculate requirements for materials.">MRP is a set of techniques which uses Bills of Material, Inventory Data, and the Master Production Schedule to calculate requirements for materials.</value>
  <value column="Help" original=""/>
 </row>
 <row id="50055" trl="N">
  <value column="Name" original="Planned Order Approval">Planned Order Approval</value>
  <value column="Description" original="MRP is a set of techniques which uses Bills of Material, Inventory Data, and the Master Production Schedule to calculate requirements for materials.">MRP is a set of techniques which uses Bills of Material, Inventory Data, and the Master Production Schedule to calculate requirements for materials.</value>
  <value column="Help" original=""/>
 </row>
 <row id="50056" trl="N">
  <value column="Name" original="MRP Info">MRP Info</value>
  <value column="Description" original="MRP is a set of techniques which uses Bills of Material, Inventory Data, and the Master Production Schedule to calculate requirements for materials.">MRP is a set of techniques which uses Bills of Material, Inventory Data, and the Master Production Schedule to calculate requirements for materials.</value>
  <value column="Help" original=""/>
 </row>
 <row id="50057" trl="N">
  <value column="Name" original="Print &amp; Release Order" xml:space="preserve"><![CDATA[Print & Release Order]]></value>
  <value column="Description" original="Print &amp; Release Order" xml:space="preserve"><![CDATA[Print & Release Order]]></value>
  <value column="Help" original=""/>
 </row>
 <row id="50058" trl="N">
  <value column="Name" original="Order Receipt &amp; Issue" xml:space="preserve"><![CDATA[Order Receipt & Issue]]></value>
  <value column="Description" original="Order Receipt &amp; Issue" xml:space="preserve"><![CDATA[Order Receipt & Issue]]></value>
  <value column="Help" original=""/>
 </row>
 <row id="50059" trl="N">
  <value column="Name" original="Manufacturing Order">Manufacturing Order</value>
  <value column="Description" original="Manufacturing Order">Manufacturing Order</value>
  <value column="Help" original=""/>
 </row>
 <row id="50060" trl="N">
  <value column="Name" original="Component Check">Component Check</value>
  <value column="Description" original="Component Check">Component Check</value>
  <value column="Help" original=""/>
 </row>
 <row id="50061" trl="N">
  <value column="Name" original="Generate Movement">Generate Movement</value>
  <value column="Description" original="Generate and print Movement from open Distribution Orders">Generate and print Movement from open Distribution Orders</value>
  <value column="Help" original=""/>
 </row>
 <row id="50062" trl="N">
  <value column="Name" original="Generate Movement Manual">Generate Movement Manual</value>
  <value column="Description" original="Generate Movement to a Order Distribution">Generate Movement to a Order Distribution</value>
  <value column="Help" original=""/>
 </row>
 <row id="50063" trl="N">
  <value column="Name" original="Distribution Order">Distribution Order</value>
  <value column="Description" original="Distribution Order allow create Order inter warehouse to supply a demand ">Distribution Order allow create Order inter warehouse to supply a demand </value>
  <value column="Help" original=""/>
 </row>
 <row id="50064" trl="N">
  <value column="Name" original="Import Proccesor">Import Proccesor</value>
  <value column="Description" original="Import Proccesor">Import Proccesor</value>
  <value column="Help" original=""/>
 </row>
 <row id="50065" trl="N">
  <value column="Name" original="Import Processor Type">Import Processor Type</value>
  <value column="Description" original="Import Processor Type">Import Processor Type</value>
  <value column="Help" original=""/>
 </row>
 <row id="50066" trl="N">
  <value column="Name" original="Export Format">Export Format</value>
  <value column="Description" original="Export Format">Export Format</value>
  <value column="Help" original=""/>
 </row>
 <row id="50067" trl="N">
  <value column="Name" original="Export Processor">Export Processor</value>
  <value column="Description" original="Export Processor">Export Processor</value>
  <value column="Help" original=""/>
 </row>
 <row id="50068" trl="N">
  <value column="Name" original="Export Processor Type">Export Processor Type</value>
  <value column="Description" original="Export Processor Type">Export Processor Type</value>
  <value column="Help" original=""/>
 </row>
 <row id="50069" trl="N">
  <value column="Name" original="Replication Strategy">Replication Strategy</value>
  <value column="Description" original="Replication Strategy">Replication Strategy</value>
  <value column="Help" original=""/>
 </row>
 <row id="50081" trl="N">
  <value column="Name" original="Payroll Action Notice">Payroll Action Notice</value>
  <value column="Description" original=""/>
  <value column="Help" original=""/>
 </row>
 <row id="50099" trl="N">
  <value column="Name" original="(DocAuto)">(DocAuto)</value>
  <value column="Description" original=""/>
  <value column="Help" original=""/>
 </row>
 <row id="50100" trl="N">
  <value column="Name" original="(DocComplete)">(DocComplete)</value>
  <value column="Description" original=""/>
  <value column="Help" original=""/>
 </row>
 <row id="50101" trl="N">
  <value column="Name" original="(DocPrepare)">(DocPrepare)</value>
  <value column="Description" original=""/>
  <value column="Help" original=""/>
 </row>
 <row id="50102" trl="N">
  <value column="Name" original="(Start)">(Start)</value>
  <value column="Description" original=""/>
  <value column="Help" original=""/>
 </row>
 <row id="50104" trl="N">
  <value column="Name" original="(DocAuto)">(DocAuto)</value>
  <value column="Description" original=""/>
  <value column="Help" original=""/>
 </row>
 <row id="50105" trl="N">
  <value column="Name" original="(DocComplete)">(DocComplete)</value>
  <value column="Description" original=""/>
  <value column="Help" original=""/>
 </row>
 <row id="50106" trl="N">
  <value column="Name" original="(DocPrepare)">(DocPrepare)</value>
  <value column="Description" original=""/>
  <value column="Help" original=""/>
 </row>
 <row id="50107" trl="N">
  <value column="Name" original="(Start)">(Start)</value>
  <value column="Description" original=""/>
  <value column="Help" original=""/>
 </row>
 <row id="50108" trl="N">
  <value column="Name" original="(DocAuto)">(DocAuto)</value>
  <value column="Description" original=""/>
  <value column="Help" original=""/>
 </row>
 <row id="50109" trl="N">
  <value column="Name" original="(DocComplete)">(DocComplete)</value>
  <value column="Description" original=""/>
  <value column="Help" original=""/>
 </row>
 <row id="50110" trl="N">
  <value column="Name" original="(DocPrepare)">(DocPrepare)</value>
  <value column="Description" original=""/>
  <value column="Help" original=""/>
 </row>
 <row id="50111" trl="N">
  <value column="Name" original="(Start)">(Start)</value>
  <value column="Description" original=""/>
  <value column="Help" original=""/>
 </row>
 <row id="50112" trl="N">
  <value column="Name" original="(DocAuto)">(DocAuto)</value>
  <value column="Description" original=""/>
  <value column="Help" original=""/>
 </row>
 <row id="50113" trl="N">
  <value column="Name" original="(DocComplete)">(DocComplete)</value>
  <value column="Description" original=""/>
  <value column="Help" original=""/>
 </row>
 <row id="50114" trl="N">
  <value column="Name" original="(DocPrepare)">(DocPrepare)</value>
  <value column="Description" original=""/>
  <value column="Help" original=""/>
 </row>
 <row id="50115" trl="N">
  <value column="Name" original="(Start)">(Start)</value>
  <value column="Description" original=""/>
  <value column="Help" original=""/>
 </row>
 <row id="50116" trl="N">
  <value column="Name" original="(Start)">(Start)</value>
  <value column="Description" original=""/>
  <value column="Help" original=""/>
 </row>
 <row id="50117" trl="N">
  <value column="Name" original="(DocAuto)">(DocAuto)</value>
  <value column="Description" original=""/>
  <value column="Help" original=""/>
 </row>
 <row id="50118" trl="N">
  <value column="Name" original="(DocComplete)">(DocComplete)</value>
  <value column="Description" original=""/>
  <value column="Help" original=""/>
 </row>
 <row id="50119" trl="N">
  <value column="Name" original="(DocPrepare)">(DocPrepare)</value>
  <value column="Description" original=""/>
  <value column="Help" original=""/>
 </row>
</idempiereTrl>
