<?xml version="1.0" encoding="UTF-8" standalone="no"?>
<!--iDempiere(r) Release 7.1_2019-11-22 -Smart Suite ERP, CRM and SCM- (c) 1999-2019 iDempiere(r); Implementation: iDempiere - Supported by iDempiere community--><!--<!DOCTYPE idempiereTrl PUBLIC "-//ComPiere, Inc.//DTD iDempiere Translation 1.0//EN" "http://www.idempiere.com/dtd/idempiereTrl.dtd">--><idempiereTrl language="pt_BR" table="C_Charge">
 <row id="100" trl="N">
  <value column="Name" original="Bank Charge">Bank Charge</value>
  <value column="Description" original=""/>
 </row>
 <row id="101" trl="N">
  <value column="Name" original="Commissions Paid">Commissions Paid</value>
  <value column="Description" original=""/>
 </row>
</idempiereTrl>
