<?xml version="1.0" encoding="UTF-8" standalone="no"?>
<!--iDempiere(r) Release 7.1_2019-11-22 -Smart Suite ERP, CRM and SCM- (c) 1999-2019 iDempiere(r); Implementation: iDempiere - Supported by iDempiere community--><!--<!DOCTYPE idempiereTrl PUBLIC "-//ComPiere, Inc.//DTD iDempiere Translation 1.0//EN" "http://www.idempiere.com/dtd/idempiereTrl.dtd">--><idempiereTrl language="pt_BR" table="C_DocType">
 <row id="0" trl="Y">
  <value column="Name" original="** New **">** Novo **</value>
  <value column="PrintName" original="** New **">** Novo **</value>
  <value column="DocumentNote" original="** NO INVOICE **"/>
 </row>
 <row id="115" trl="N">
  <value column="Name" original="GL Journal">GL Journal</value>
  <value column="PrintName" original="Journal">Journal</value>
  <value column="DocumentNote" original=""/>
 </row>
 <row id="116" trl="N">
  <value column="Name" original="AR Invoice">AR Invoice</value>
  <value column="PrintName" original="Invoice">Invoice</value>
  <value column="DocumentNote" original="Document Type Note for general and promotional text.">Document Type Note for general and promotional text.</value>
 </row>
 <row id="117" trl="N">
  <value column="Name" original="AR Invoice Indirect">AR Invoice Indirect</value>
  <value column="PrintName" original="Invoice">Invoice</value>
  <value column="DocumentNote" original="Document Type Note for general and promotional text.">Document Type Note for general and promotional text.</value>
 </row>
 <row id="118" trl="N">
  <value column="Name" original="AR Credit Memo">AR Credit Memo</value>
  <value column="PrintName" original="Credit Memo">Credit Memo</value>
  <value column="DocumentNote" original=""/>
 </row>
 <row id="119" trl="N">
  <value column="Name" original="AR Receipt">AR Receipt</value>
  <value column="PrintName" original="Receipt">Receipt</value>
  <value column="DocumentNote" original=""/>
 </row>
 <row id="120" trl="N">
  <value column="Name" original="MM Shipment">MM Shipment</value>
  <value column="PrintName" original="Delivery Note">Delivery Note</value>
  <value column="DocumentNote" original=""/>
 </row>
 <row id="121" trl="N">
  <value column="Name" original="MM Shipment Indirect">MM Shipment Indirect</value>
  <value column="PrintName" original="Delivery Note">Delivery Note</value>
  <value column="DocumentNote" original=""/>
 </row>
 <row id="122" trl="N">
  <value column="Name" original="MM Receipt">MM Receipt</value>
  <value column="PrintName" original="Vendor Delivery">Vendor Delivery</value>
  <value column="DocumentNote" original=""/>
 </row>
 <row id="123" trl="N">
  <value column="Name" original="AP Invoice">AP Invoice</value>
  <value column="PrintName" original="Vendor Invoice">Vendor Invoice</value>
  <value column="DocumentNote" original=""/>
 </row>
 <row id="124" trl="N">
  <value column="Name" original="AP CreditMemo">AP CreditMemo</value>
  <value column="PrintName" original="Vendor Credit Memo">Vendor Credit Memo</value>
  <value column="DocumentNote" original=""/>
 </row>
 <row id="125" trl="N">
  <value column="Name" original="AP Payment">AP Payment</value>
  <value column="PrintName" original="Vendor Payment">Vendor Payment</value>
  <value column="DocumentNote" original=""/>
 </row>
 <row id="126" trl="N">
  <value column="Name" original="Purchase Order">Purchase Order</value>
  <value column="PrintName" original="Purchase Order">Purchase Order</value>
  <value column="DocumentNote" original=""/>
 </row>
 <row id="127" trl="N">
  <value column="Name" original="Purchase Requisition">Purchase Requisition</value>
  <value column="PrintName" original="Purchase Requisition">Purchase Requisition</value>
  <value column="DocumentNote" original=""/>
 </row>
 <row id="128" trl="N">
  <value column="Name" original="Quotation">Quotation</value>
  <value column="PrintName" original="Quotation">Quotation</value>
  <value column="DocumentNote" original=""/>
 </row>
 <row id="129" trl="N">
  <value column="Name" original="Proposal">Proposal</value>
  <value column="PrintName" original="Proposal">Proposal</value>
  <value column="DocumentNote" original=""/>
 </row>
 <row id="130" trl="N">
  <value column="Name" original="Prepay Order">Prepay Order</value>
  <value column="PrintName" original="Prepay Order">Prepay Order</value>
  <value column="DocumentNote" original=""/>
 </row>
 <row id="131" trl="N">
  <value column="Name" original="Customer Return Material">Customer Return Material</value>
  <value column="PrintName" original="Customer Return Material Authorization">Customer Return Material Authorization</value>
  <value column="DocumentNote" original=""/>
 </row>
 <row id="132" trl="N">
  <value column="Name" original="Standard Order">Standard Order</value>
  <value column="PrintName" original="Order Confirmation">Order Confirmation</value>
  <value column="DocumentNote" original=""/>
 </row>
 <row id="133" trl="N">
  <value column="Name" original="On Credit Order">On Credit Order</value>
  <value column="PrintName" original="Order Confirmation">Order Confirmation</value>
  <value column="DocumentNote" original=""/>
 </row>
 <row id="134" trl="N">
  <value column="Name" original="Warehouse Order">Warehouse Order</value>
  <value column="PrintName" original="Order Confirmation">Order Confirmation</value>
  <value column="DocumentNote" original=""/>
 </row>
 <row id="135" trl="N">
  <value column="Name" original="POS Order">POS Order</value>
  <value column="PrintName" original="Order Confirmation">Order Confirmation</value>
  <value column="DocumentNote" original=""/>
 </row>
 <row id="136" trl="N">
  <value column="Name" original="Project Issue">Project Issue</value>
  <value column="PrintName" original="Project Issue">Project Issue</value>
  <value column="DocumentNote" original=""/>
 </row>
 <row id="137" trl="N">
  <value column="Name" original="Payment Allocation">Payment Allocation</value>
  <value column="PrintName" original="Payment Allocation">Payment Allocation</value>
  <value column="DocumentNote" original=""/>
 </row>
 <row id="138" trl="N">
  <value column="Name" original="Match Invoice">Match Invoice</value>
  <value column="PrintName" original="Match Invoice">Match Invoice</value>
  <value column="DocumentNote" original=""/>
 </row>
 <row id="139" trl="N">
  <value column="Name" original="Material Production">Material Production</value>
  <value column="PrintName" original="Material Production">Material Production</value>
  <value column="DocumentNote" original=""/>
 </row>
 <row id="140" trl="N">
  <value column="Name" original="GL Document">GL Document</value>
  <value column="PrintName" original="GL Document">GL Document</value>
  <value column="DocumentNote" original=""/>
 </row>
 <row id="141" trl="N">
  <value column="Name" original="Cash Journal">Cash Journal</value>
  <value column="PrintName" original="Cash Journal">Cash Journal</value>
  <value column="DocumentNote" original=""/>
 </row>
 <row id="142" trl="N">
  <value column="Name" original="Match PO">Match PO</value>
  <value column="PrintName" original="Match PO">Match PO</value>
  <value column="DocumentNote" original=""/>
 </row>
 <row id="143" trl="N">
  <value column="Name" original="Material Movement">Material Movement</value>
  <value column="PrintName" original="Material Movement">Material Movement</value>
  <value column="DocumentNote" original=""/>
 </row>
 <row id="144" trl="N">
  <value column="Name" original="Material Physical Inventory">Material Physical Inventory</value>
  <value column="PrintName" original="Material Physical Inventory">Material Physical Inventory</value>
  <value column="DocumentNote" original=""/>
 </row>
 <row id="145" trl="N">
  <value column="Name" original="AR Pro Forma Invoice">AR Pro Forma Invoice</value>
  <value column="PrintName" original="AR Pro Forma Invoice">AR Pro Forma Invoice</value>
  <value column="DocumentNote" original=""/>
 </row>
 <row id="146" trl="N">
  <value column="Name" original="Bank Statement">Bank Statement</value>
  <value column="PrintName" original="Bank Statement">Bank Statement</value>
  <value column="DocumentNote" original=""/>
 </row>
 <row id="147" trl="N">
  <value column="Name" original="MM Receipt with Confirmation">MM Receipt with Confirmation</value>
  <value column="PrintName" original="Vendor Delivery">Vendor Delivery</value>
  <value column="DocumentNote" original=""/>
 </row>
 <row id="148" trl="N">
  <value column="Name" original="MM Shipment with Pick">MM Shipment with Pick</value>
  <value column="PrintName" original="Delivery Note">Delivery Note</value>
  <value column="DocumentNote" original=""/>
 </row>
 <row id="149" trl="N">
  <value column="Name" original="MM Customer Return">MM Customer Return</value>
  <value column="PrintName" original="Return Material">Return Material</value>
  <value column="DocumentNote" original=""/>
 </row>
 <row id="150" trl="N">
  <value column="Name" original="Vendor Return Material">Vendor Return Material</value>
  <value column="PrintName" original="Vendor Return Material Authorization">Vendor Return Material Authorization</value>
  <value column="DocumentNote" original=""/>
 </row>
 <row id="151" trl="N">
  <value column="Name" original="MM Vendor Return">MM Vendor Return</value>
  <value column="PrintName" original="Vendor Return Material">Vendor Return Material</value>
  <value column="DocumentNote" original=""/>
 </row>
 <row id="50000" trl="N">
  <value column="Name" original="Payroll">Payroll</value>
  <value column="PrintName" original="Payroll">Payroll</value>
  <value column="DocumentNote" original=""/>
 </row>
 <row id="50001" trl="N">
  <value column="Name" original="GL Journal Batch">GL Journal Batch</value>
  <value column="PrintName" original="Journal Batch">Journal Batch</value>
  <value column="DocumentNote" original=""/>
 </row>
 <row id="50002" trl="N">
  <value column="Name" original="Manufacturing Order">Manufacturing Order</value>
  <value column="PrintName" original="Manufacturing Order">Manufacturing Order</value>
  <value column="DocumentNote" original=""/>
 </row>
 <row id="50010" trl="N">
  <value column="Name" original="Maintenance Order">Maintenance Order</value>
  <value column="PrintName" original="Maintenance Order">Maintenance Order</value>
  <value column="DocumentNote" original=""/>
 </row>
 <row id="50011" trl="N">
  <value column="Name" original="Quality Order">Quality Order</value>
  <value column="PrintName" original="Quality Order">Quality Order</value>
  <value column="DocumentNote" original=""/>
 </row>
 <row id="50012" trl="N">
  <value column="Name" original="Distribution Order">Distribution Order</value>
  <value column="PrintName" original="Distribution Order">Distribution Order</value>
  <value column="DocumentNote" original=""/>
 </row>
 <row id="50013" trl="N">
  <value column="Name" original="Manufacturing Cost Collector">Manufacturing Cost Collector</value>
  <value column="PrintName" original="Manufacturing Cost Collector">Manufacturing Cost Collector</value>
  <value column="DocumentNote" original=""/>
 </row>
 <row id="200000" trl="N">
  <value column="Name" original="Internal Use Inventory">Internal Use Inventory</value>
  <value column="PrintName" original="Internal Use Inventory">Internal Use Inventory</value>
  <value column="DocumentNote" original=""/>
 </row>
 <row id="200001" trl="N">
  <value column="Name" original="Asset Addition">Asset Addition</value>
  <value column="PrintName" original="Asset Addition">Asset Addition</value>
  <value column="DocumentNote" original=""/>
 </row>
 <row id="200002" trl="N">
  <value column="Name" original="Asset Depreciation">Asset Depreciation</value>
  <value column="PrintName" original="Asset Depreciation">Asset Depreciation</value>
  <value column="DocumentNote" original=""/>
 </row>
 <row id="200003" trl="N">
  <value column="Name" original="Asset Disposal">Asset Disposal</value>
  <value column="PrintName" original="Asset Disposal">Asset Disposal</value>
  <value column="DocumentNote" original=""/>
 </row>
 <row id="200004" trl="N">
  <value column="Name" original="Cost Adjustment">Cost Adjustment</value>
  <value column="PrintName" original="Cost Adjustment">Cost Adjustment</value>
  <value column="DocumentNote" original=""/>
 </row>
</idempiereTrl>
