<?xml version="1.0" encoding="UTF-8" standalone="no"?>
<!--iDempiere(r) Release 7.1_2019-11-22 -Smart Suite ERP, CRM and SCM- (c) 1999-2019 iDempiere(r); Implementation: iDempiere - Supported by iDempiere community--><!--<!DOCTYPE idempiereTrl PUBLIC "-//ComPiere, Inc.//DTD iDempiere Translation 1.0//EN" "http://www.idempiere.com/dtd/idempiereTrl.dtd">--><idempiereTrl language="pt_BR" table="C_DunningLevel">
 <row id="100" trl="N">
  <value column="PrintName" original="Statement">Statement</value>
  <value column="Note" original="Please review your statement and submit due payments.">Please review your statement and submit due payments.</value>
 </row>
 <row id="101" trl="N">
  <value column="PrintName" original="Dunning Letter">Dunning Letter</value>
  <value column="Note" original="Please pay the due invoices immediately">Please pay the due invoices immediately</value>
 </row>
</idempiereTrl>
