<?xml version="1.0" encoding="UTF-8" standalone="no"?>
<!--iDempiere(r) Release 7.1_2019-11-22 -Smart Suite ERP, CRM and SCM- (c) 1999-2019 iDempiere(r); Implementation: iDempiere - Supported by iDempiere community--><!--<!DOCTYPE idempiereTrl PUBLIC "-//ComPiere, Inc.//DTD iDempiere Translation 1.0//EN" "http://www.idempiere.com/dtd/idempiereTrl.dtd">--><idempiereTrl language="pt_BR" table="C_Tax">
 <row id="104" trl="N">
  <value column="Name" original="Standard">Standard</value>
  <value column="Description" original=""/>
  <value column="TaxIndicator" original=""/>
 </row>
 <row id="105" trl="N">
  <value column="Name" original="CT Sales">CT Sales</value>
  <value column="Description" original=""/>
  <value column="TaxIndicator" original="6%CT">6%CT</value>
 </row>
 <row id="106" trl="N">
  <value column="Name" original="GST">GST</value>
  <value column="Description" original="Canadian Federal Sales Tax">Canadian Federal Sales Tax</value>
  <value column="TaxIndicator" original="GST">GST</value>
 </row>
 <row id="107" trl="N">
  <value column="Name" original="PST">PST</value>
  <value column="Description" original="Canadian Provintial Tax">Canadian Provintial Tax</value>
  <value column="TaxIndicator" original="PST">PST</value>
 </row>
 <row id="108" trl="N">
  <value column="Name" original="GST/PST">GST/PST</value>
  <value column="Description" original="Canadian Federal &amp; State Tax" xml:space="preserve"><![CDATA[Canadian Federal & State Tax]]></value>
  <value column="TaxIndicator" original="Tax">Tax</value>
 </row>
 <row id="109" trl="N">
  <value column="Name" original="Exempt">Exempt</value>
  <value column="Description" original="Used when Business Partners are exempt from tax">Used when Business Partners are exempt from tax</value>
  <value column="TaxIndicator" original=""/>
 </row>
</idempiereTrl>
