<?xml version="1.0" encoding="UTF-8" standalone="no"?>
<!--iDempiere(r) Release 7.1_2019-11-22 -Smart Suite ERP, CRM and SCM- (c) 1999-2019 iDempiere(r); Implementation: iDempiere - Supported by iDempiere community--><!--<!DOCTYPE idempiereTrl PUBLIC "-//ComPiere, Inc.//DTD iDempiere Translation 1.0//EN" "http://www.idempiere.com/dtd/idempiereTrl.dtd">--><idempiereTrl language="pt_BR" table="C_UOM">
 <row id="100" trl="N">
  <value column="Name" original="Each">Cada (Por unidade)</value>
  <value column="Description" original=""/>
  <value column="UOMSymbol" original="Ea ">Un</value>
 </row>
 <row id="101" trl="N">
  <value column="Name" original="Hour">Hora</value>
  <value column="Description" original=""/>
  <value column="UOMSymbol" original="h  ">h  </value>
 </row>
 <row id="102" trl="N">
  <value column="Name" original="Day">Dia</value>
  <value column="Description" original=""/>
  <value column="UOMSymbol" original="d  ">d  </value>
 </row>
 <row id="103" trl="N">
  <value column="Name" original="Minutes">Minutos</value>
  <value column="Description" original="(lowest unit for resorce assigments)">(menor unidade para designação de recursos)</value>
  <value column="UOMSymbol" original="m  ">m  </value>
 </row>
 <row id="104" trl="N">
  <value column="Name" original="Work Day">Dia de Trabalho</value>
  <value column="Description" original="8 hour">8 horas</value>
  <value column="UOMSymbol" original="D  ">D  </value>
 </row>
 <row id="105" trl="N">
  <value column="Name" original="Week">Semana</value>
  <value column="Description" original=""/>
  <value column="UOMSymbol" original="w  ">s  </value>
 </row>
 <row id="106" trl="N">
  <value column="Name" original="Month">Mês</value>
  <value column="Description" original="30 days">30 dias</value>
  <value column="UOMSymbol" original="m  ">m  </value>
 </row>
 <row id="107" trl="N">
  <value column="Name" original="Working Month">Mês de Trabalho</value>
  <value column="Description" original="20 days">20 dias</value>
  <value column="UOMSymbol" original="M  ">M  </value>
 </row>
 <row id="108" trl="N">
  <value column="Name" original="Year">Ano</value>
  <value column="Description" original=""/>
  <value column="UOMSymbol" original="y  ">a  </value>
 </row>
 <row id="109" trl="N">
  <value column="Name" original="6-Pack">6-Pack</value>
  <value column="Description" original=""/>
  <value column="UOMSymbol" original="6Pk">6Pk</value>
 </row>
 <row id="50000" trl="N">
  <value column="Name" original="Mililiter">Mililiter</value>
  <value column="Description" original=""/>
  <value column="UOMSymbol" original="ml">ml</value>
 </row>
 <row id="50001" trl="N">
  <value column="Name" original="kilogram">kilogram</value>
  <value column="Description" original=""/>
  <value column="UOMSymbol" original="Kg">Kg</value>
 </row>
 <row id="50002" trl="N">
  <value column="Name" original="milligram">milligram</value>
  <value column="Description" original=""/>
  <value column="UOMSymbol" original="mg">mg</value>
 </row>
 <row id="50003" trl="N">
  <value column="Name" original="litre">litre</value>
  <value column="Description" original=""/>
  <value column="UOMSymbol" original="L">L</value>
 </row>
</idempiereTrl>
