<?xml version="1.0" encoding="UTF-8" standalone="no"?>
<!--iDempiere(r) Release 7.1_2019-11-22 -Smart Suite ERP, CRM and SCM- (c) 1999-2019 iDempiere(r); Implementation: iDempiere - Supported by iDempiere community--><!--<!DOCTYPE idempiereTrl PUBLIC "-//ComPiere, Inc.//DTD iDempiere Translation 1.0//EN" "http://www.idempiere.com/dtd/idempiereTrl.dtd">--><idempiereTrl language="pt_BR" table="M_PriceList_Version">
 <row id="103" trl="N">
  <value column="Name" original="Purchase 2003">Purchase 2003</value>
 </row>
 <row id="104" trl="N">
  <value column="Name" original="Standard 2003">Standard 2003</value>
 </row>
 <row id="105" trl="N">
  <value column="Name" original="Export 2003">Export 2003</value>
 </row>
</idempiereTrl>
