<?xml version="1.0" encoding="UTF-8" standalone="no"?>
<!--iDempiere(r) Release 7.1_2019-11-22 -Smart Suite ERP, CRM and SCM- (c) 1999-2019 iDempiere(r); Implementation: iDempiere - Supported by iDempiere community--><!--<!DOCTYPE idempiereTrl PUBLIC "-//ComPiere, Inc.//DTD iDempiere Translation 1.0//EN" "http://www.idempiere.com/dtd/idempiereTrl.dtd">--><idempiereTrl language="pt_BR" table="M_Product">
 <row id="122" trl="N">
  <value column="Name" original="Standard">Standard</value>
  <value column="Description" original=""/>
  <value column="DocumentNote" original=""/>
 </row>
 <row id="123" trl="N">
  <value column="Name" original="Oak Tree">Oak Tree</value>
  <value column="Description" original=""/>
  <value column="DocumentNote" original="Oak Trees may grow quite a bit.">Oak Trees may grow quite a bit.</value>
 </row>
 <row id="124" trl="N">
  <value column="Name" original="Elm Tree">Elm Tree</value>
  <value column="Description" original=""/>
  <value column="DocumentNote" original=""/>
 </row>
 <row id="125" trl="N">
  <value column="Name" original="Grass Seed Container">Grass Seed Container</value>
  <value column="Description" original=""/>
  <value column="DocumentNote" original=""/>
 </row>
 <row id="126" trl="N">
  <value column="Name" original="Planting Service">Planting Service</value>
  <value column="Description" original=""/>
  <value column="DocumentNote" original=""/>
 </row>
 <row id="127" trl="N">
  <value column="Name" original="Rose Bush">Rose Bush</value>
  <value column="Description" original=""/>
  <value column="DocumentNote" original=""/>
 </row>
 <row id="128" trl="N">
  <value column="Name" original="Azalea Bush">Azalea Bush</value>
  <value column="Description" original=""/>
  <value column="DocumentNote" original=""/>
 </row>
 <row id="129" trl="N">
  <value column="Name" original="Holly Bush">Holly Bush</value>
  <value column="Description" original=""/>
  <value column="DocumentNote" original=""/>
 </row>
 <row id="130" trl="N">
  <value column="Name" original="Plum Tree">Plum Tree</value>
  <value column="Description" original=""/>
  <value column="DocumentNote" original=""/>
 </row>
 <row id="131" trl="N">
  <value column="Name" original="Travel cost">Travel cost</value>
  <value column="Description" original="Travel related costs">Travel related costs</value>
  <value column="DocumentNote" original=""/>
 </row>
 <row id="132" trl="N">
  <value column="Name" original="Mary Consultant">Mary Consultant</value>
  <value column="Description" original=""/>
  <value column="DocumentNote" original=""/>
 </row>
 <row id="133" trl="N">
  <value column="Name" original="Patio Chair">Patio Chair</value>
  <value column="Description" original="Nice Chair for outdoors">Nice Chair for outdoors</value>
  <value column="DocumentNote" original=""/>
 </row>
 <row id="134" trl="N">
  <value column="Name" original="Patio Table">Patio Table</value>
  <value column="Description" original="Nice Table for outdoors">Nice Table for outdoors</value>
  <value column="DocumentNote" original=""/>
 </row>
 <row id="135" trl="N">
  <value column="Name" original="Patio Sun Screen">Patio Sun Screen</value>
  <value column="Description" original="Protect from UV">Protect from UV</value>
  <value column="DocumentNote" original=""/>
 </row>
 <row id="136" trl="N">
  <value column="Name" original="Fertilizer #50">Fertilizer #50</value>
  <value column="Description" original="50 # Bag of Lawn Fertilizer">50 # Bag of Lawn Fertilizer</value>
  <value column="DocumentNote" original=""/>
 </row>
 <row id="137" trl="N">
  <value column="Name" original="Mulch 10#">Mulch 10#</value>
  <value column="Description" original="10# Bag of Mulch">10# Bag of Mulch</value>
  <value column="DocumentNote" original=""/>
 </row>
 <row id="138" trl="N">
  <value column="Name" original="Hoe 4 ft">Hoe 4 ft</value>
  <value column="Description" original="4 Foot Metal Hoe">4 Foot Metal Hoe</value>
  <value column="DocumentNote" original=""/>
 </row>
 <row id="139" trl="N">
  <value column="Name" original="Rake Bamboo">Rake Bamboo</value>
  <value column="Description" original="4 Foot Bamboo Rake">4 Foot Bamboo Rake</value>
  <value column="DocumentNote" original=""/>
 </row>
 <row id="140" trl="N">
  <value column="Name" original="Rake Metal">Rake Metal</value>
  <value column="Description" original="4 Foot Metal Rake">4 Foot Metal Rake</value>
  <value column="DocumentNote" original=""/>
 </row>
 <row id="141" trl="N">
  <value column="Name" original="Weeder">Weeder</value>
  <value column="Description" original="Hand Weeder">Hand Weeder</value>
  <value column="DocumentNote" original=""/>
 </row>
 <row id="142" trl="N">
  <value column="Name" original="Transplanter">Transplanter</value>
  <value column="Description" original="Hand Transplanter">Hand Transplanter</value>
  <value column="DocumentNote" original=""/>
 </row>
 <row id="143" trl="N">
  <value column="Name" original="Grass Seeder">Grass Seeder</value>
  <value column="Description" original="Manual Grass Seeder">Manual Grass Seeder</value>
  <value column="DocumentNote" original=""/>
 </row>
 <row id="144" trl="N">
  <value column="Name" original="Lawn Tiller">Lawn Tiller</value>
  <value column="Description" original="Manual Lawn Tiller">Manual Lawn Tiller</value>
  <value column="DocumentNote" original=""/>
 </row>
 <row id="145" trl="N">
  <value column="Name" original="Patio Furniture Set">Patio Furniture Set</value>
  <value column="Description" original="1 table, 4 Chairs and 1 Sun Screen">1 table, 4 Chairs and 1 Sun Screen</value>
  <value column="DocumentNote" original="&#9;">	</value>
 </row>
 <row id="146" trl="N">
  <value column="Name" original="How To Plant">How To Plant</value>
  <value column="Description" original="Information on how to best to plant your future.">Information on how to best to plant your future.</value>
  <value column="DocumentNote" original=""/>
 </row>
 <row id="147" trl="N">
  <value column="Name" original="TShirt - Red Large">TShirt - Red Large</value>
  <value column="Description" original=""/>
  <value column="DocumentNote" original=""/>
 </row>
 <row id="148" trl="N">
  <value column="Name" original="TShirt - Green Large">TShirt - Green Large</value>
  <value column="Description" original=""/>
  <value column="DocumentNote" original=""/>
 </row>
 <row id="50000" trl="N">
  <value column="Name" original="Assembly Back Leg">Assembly Back Leg</value>
  <value column="Description" original=""/>
  <value column="DocumentNote" original=""/>
 </row>
 <row id="50001" trl="N">
  <value column="Name" original="Assembly Front Leg">Assembly Front Leg</value>
  <value column="Description" original=""/>
  <value column="DocumentNote" original=""/>
 </row>
 <row id="50002" trl="N">
  <value column="Name" original="#6-32 x 3/8 Socket Head Cap Screw">#6-32 x 3/8 Socket Head Cap Screw</value>
  <value column="Description" original=""/>
  <value column="DocumentNote" original=""/>
 </row>
 <row id="50003" trl="N">
  <value column="Name" original="Ultra Glue">Ultra Glue</value>
  <value column="Description" original=""/>
  <value column="DocumentNote" original=""/>
 </row>
 <row id="50004" trl="N">
  <value column="Name" original="Seat">Seat</value>
  <value column="Description" original=""/>
  <value column="DocumentNote" original=""/>
 </row>
 <row id="50005" trl="N">
  <value column="Name" original="Back Support">Back Support</value>
  <value column="Description" original=""/>
  <value column="DocumentNote" original=""/>
 </row>
 <row id="50007" trl="N">
  <value column="Name" original="Fertilizer #70">Fertilizer #70</value>
  <value column="Description" original="70 # Bag of Lawn Fertilizer">70 # Bag of Lawn Fertilizer</value>
  <value column="DocumentNote" original=""/>
 </row>
 <row id="50008" trl="N">
  <value column="Name" original="Lawn Fertilizer">Lawn Fertilizer</value>
  <value column="Description" original=""/>
  <value column="DocumentNote" original=""/>
 </row>
 <row id="50009" trl="N">
  <value column="Name" original="Nitrogen">Nitrogen</value>
  <value column="Description" original=""/>
  <value column="DocumentNote" original=""/>
 </row>
 <row id="50010" trl="N">
  <value column="Name" original="Phosphorus">Phosphorus</value>
  <value column="Description" original=""/>
  <value column="DocumentNote" original=""/>
 </row>
 <row id="50012" trl="N">
  <value column="Name" original="Potassium">Potassium</value>
  <value column="Description" original=""/>
  <value column="DocumentNote" original=""/>
 </row>
 <row id="50013" trl="N">
  <value column="Name" original="Bag 50 Kg">Bag 50 Kg</value>
  <value column="Description" original=""/>
  <value column="DocumentNote" original=""/>
 </row>
 <row id="50014" trl="N">
  <value column="Name" original="Bag 70 Kg">Bag 70 Kg</value>
  <value column="Description" original=""/>
  <value column="DocumentNote" original=""/>
 </row>
 <row id="50015" trl="N">
  <value column="Name" original="Front Leg">Front Leg</value>
  <value column="Description" original=""/>
  <value column="DocumentNote" original=""/>
 </row>
 <row id="50016" trl="N">
  <value column="Name" original="Back Leg">Back Leg</value>
  <value column="Description" original=""/>
  <value column="DocumentNote" original=""/>
 </row>
 <row id="50017" trl="N">
  <value column="Name" original="Water">Water</value>
  <value column="Description" original=""/>
  <value column="DocumentNote" original=""/>
 </row>
 <row id="50018" trl="N">
  <value column="Name" original="Fertilizer Plant">Fertilizer Plant</value>
  <value column="Description" original=""/>
  <value column="DocumentNote" original=""/>
 </row>
 <row id="50019" trl="N">
  <value column="Name" original="Assembly Area">Assembly Area</value>
  <value column="Description" original=""/>
  <value column="DocumentNote" original=""/>
 </row>
 <row id="50020" trl="N">
  <value column="Name" original="Paint Area">Paint Area</value>
  <value column="Description" original=""/>
  <value column="DocumentNote" original=""/>
 </row>
 <row id="50021" trl="N">
  <value column="Name" original="Chrome Subcontract Area">Chrome Subcontract Area</value>
  <value column="Description" original=""/>
  <value column="DocumentNote" original=""/>
 </row>
 <row id="50022" trl="N">
  <value column="Name" original="Inspection Area">Inspection Area</value>
  <value column="Description" original=""/>
  <value column="DocumentNote" original=""/>
 </row>
 <row id="50023" trl="N">
  <value column="Name" original="Furniture Plant">Furniture Plant</value>
  <value column="Description" original=""/>
  <value column="DocumentNote" original=""/>
 </row>
 <row id="50024" trl="N">
  <value column="Name" original="Packing Production Line">Packing Production Line</value>
  <value column="Description" original=""/>
  <value column="DocumentNote" original=""/>
 </row>
 <row id="50025" trl="N">
  <value column="Name" original="Mixed Area">Mixed Area</value>
  <value column="Description" original=""/>
  <value column="DocumentNote" original=""/>
 </row>
 <row id="50026" trl="N">
  <value column="Name" original="Dry Area">Dry Area</value>
  <value column="Description" original=""/>
  <value column="DocumentNote" original=""/>
 </row>
 <row id="50027" trl="N">
  <value column="Name" original="Fertilizer Inspection Area">Fertilizer Inspection Area</value>
  <value column="Description" original=""/>
  <value column="DocumentNote" original=""/>
 </row>
</idempiereTrl>
