<?xml version="1.0" encoding="UTF-8" standalone="no"?>
<!--iDempiere(r) Release 7.1_2019-11-22 -Smart Suite ERP, CRM and SCM- (c) 1999-2019 iDempiere(r); Implementation: iDempiere - Supported by iDempiere community--><!--<!DOCTYPE idempiereTrl PUBLIC "-//ComPiere, Inc.//DTD iDempiere Translation 1.0//EN" "http://www.idempiere.com/dtd/idempiereTrl.dtd">--><idempiereTrl language="pt_BR" table="PA_DashboardContent">
 <row id="50001" trl="Y">
  <value column="Name" original="Favourites">Favoritos</value>
  <value column="Description" original="User favourities">Itens Favoritos do Usuário</value>
  <value column="HTML" original=""/>
 </row>
 <row id="50002" trl="Y">
  <value column="Name" original="Views">Consultas</value>
  <value column="Description" original="Info views">Consultas de Informações</value>
  <value column="HTML" original=""/>
 </row>
 <row id="50003" trl="Y">
  <value column="Name" original="Performance">Desempenho</value>
  <value column="Description" original="Performance meters">Medidas de Desempenho</value>
  <value column="HTML" original=""/>
 </row>
 <row id="50004" trl="N">
  <value column="Name" original="Calendar">Calendar</value>
  <value column="Description" original="Request Calendar">Request Calendar</value>
  <value column="HTML" original=""/>
 </row>
 <row id="200000" trl="Y">
  <value column="Name" original="Recent Items">Itens Recentes</value>
  <value column="Description" original="Recent items">Itens Recentes</value>
  <value column="HTML" original=""/>
 </row>
 <row id="200002" trl="Y">
  <value column="Name" original="Running Jobs">Processos em Execução</value>
  <value column="Description" original="Running Jobs">Processos em Execução</value>
  <value column="HTML" original=""/>
 </row>
 <row id="200003" trl="Y">
  <value column="Name" original="Activities">Atividades</value>
  <value column="Description" original=""/>
  <value column="HTML" original=""/>
 </row>
</idempiereTrl>
