<?xml version="1.0" encoding="UTF-8" standalone="no"?>
<!--iDempiere(r) Release 7.1_2019-11-22 -Smart Suite ERP, CRM and SCM- (c) 1999-2019 iDempiere(r); Implementation: iDempiere - Supported by iDempiere community--><!--<!DOCTYPE idempiereTrl PUBLIC "-//ComPiere, Inc.//DTD iDempiere Translation 1.0//EN" "http://www.idempiere.com/dtd/idempiereTrl.dtd">--><idempiereTrl language="pt_BR" table="W_Store">
 <row id="11" trl="N">
  <value column="EMailFooter" original=""/>
  <value column="EMailHeader" original=""/>
  <value column="WebInfo" original=""/>
  <value column="WebParam1" original="iDempiere120x60.png">iDempiere120x60.png</value>
  <value column="WebParam2" original="&lt;h1&gt;Web Store&lt;/h1&gt;" xml:space="preserve"><![CDATA[<h1>Web Store</h1>]]></value>
  <value column="WebParam3" original="Parameter3">Parameter3</value>
  <value column="WebParam4" original="Parameter4">Parameter4</value>
  <value column="WebParam5" original="Parameter5">Parameter5</value>
  <value column="WebParam6" original="Parameter6">Parameter6</value>
 </row>
</idempiereTrl>
